Week,chatgpt stress: (Worldwide),social media anxiety: (Worldwide),chatgpt anxiety: (Worldwide)
2019-02-17,0,42,0
2019-02-24,12,47,0
2019-03-03,7,42,0
2019-03-10,0,51,0
2019-03-17,8,72,0
2019-03-24,0,44,0
2019-03-31,0,48,0
2019-04-07,0,61,0
2019-04-14,0,32,4
2019-04-21,0,47,0
2019-04-28,0,47,0
2019-05-05,0,52,0
2019-05-12,0,40,0
2019-05-19,0,37,0
2019-05-26,0,23,0
2019-06-02,3,35,0
2019-06-09,0,33,0
2019-06-16,0,32,0
2019-06-23,0,15,0
2019-06-30,4,16,0
2019-07-07,0,32,0
2019-07-14,8,34,8
2019-07-21,0,21,0
2019-07-28,0,32,0
2019-08-04,3,30,3
2019-08-11,0,33,0
2019-08-18,0,14,0
2019-08-25,0,31,11
2019-09-01,0,42,0
2019-09-08,0,47,0
2019-09-15,0,47,0
2019-09-22,0,41,0
2019-09-29,5,61,0
2019-10-06,4,42,0
2019-10-13,0,51,0
2019-10-20,0,65,0
2019-10-27,0,50,0
2019-11-03,0,57,0
2019-11-10,0,55,4
2019-11-17,7,61,0
2019-11-24,0,54,0
2019-12-01,0,48,0
2019-12-08,3,58,0
2019-12-15,0,47,0
2019-12-22,0,30,3
2019-12-29,0,19,0
2020-01-05,0,37,0
2020-01-12,0,58,0
2020-01-19,3,45,0
2020-01-26,0,44,0
2020-02-02,0,51,0
2020-02-09,0,47,0
2020-02-16,0,70,0
2020-02-23,0,56,0
2020-03-01,0,55,0
2020-03-08,0,57,0
2020-03-15,0,47,0
2020-03-22,0,37,0
2020-03-29,4,33,6
2020-04-05,0,36,0
2020-04-12,0,44,6
2020-04-19,0,34,0
2020-04-26,0,40,0
2020-05-03,0,56,0
2020-05-10,0,35,0
2020-05-17,0,53,0
2020-05-24,4,20,0
2020-05-31,0,34,0
2020-06-07,0,34,0
2020-06-14,0,38,3
2020-06-21,2,37,3
2020-06-28,0,27,0
2020-07-05,0,25,0
2020-07-12,0,40,3
2020-07-19,0,36,0
2020-07-26,0,28,0
2020-08-02,0,12,0
2020-08-09,0,14,5
2020-08-16,0,24,3
2020-08-23,0,26,0
2020-08-30,0,37,0
2020-09-06,0,41,0
2020-09-13,0,44,0
2020-09-20,0,38,0
2020-09-27,0,54,0
2020-10-04,0,41,0
2020-10-11,0,41,0
2020-10-18,0,44,0
2020-10-25,0,47,0
2020-11-01,0,37,0
2020-11-08,0,50,0
2020-11-15,0,53,6
2020-11-22,0,44,0
2020-11-29,4,61,6
2020-12-06,0,42,0
2020-12-13,0,28,0
2020-12-20,0,22,4
2020-12-27,0,16,0
2021-01-03,6,27,0
2021-01-10,0,37,0
2021-01-17,10,31,0
2021-01-24,0,39,0
2021-01-31,0,31,0
2021-02-07,0,51,0
2021-02-14,0,37,0
2021-02-21,0,44,0
2021-02-28,0,39,0
2021-03-07,0,40,0
2021-03-14,0,31,0
2021-03-21,0,46,0
2021-03-28,0,43,0
2021-04-04,13,33,0
2021-04-11,0,49,3
2021-04-18,0,45,0
2021-04-25,0,46,0
2021-05-02,2,49,0
2021-05-09,0,36,0
2021-05-16,3,43,6
2021-05-23,0,47,5
2021-05-30,0,39,0
2021-06-06,0,44,3
2021-06-13,6,28,0
2021-06-20,4,25,0
2021-06-27,4,27,0
2021-07-04,0,24,0
2021-07-11,6,35,0
2021-07-18,0,28,0
2021-07-25,0,29,0
2021-08-01,0,30,0
2021-08-08,0,25,0
2021-08-15,0,25,0
2021-08-22,0,35,0
2021-08-29,0,24,0
2021-09-05,0,26,4
2021-09-12,0,42,0
2021-09-19,0,33,0
2021-09-26,0,41,0
2021-10-03,0,50,0
2021-10-10,0,65,4
2021-10-17,0,58,0
2021-10-24,0,52,0
2021-10-31,0,42,4
2021-11-07,3,48,0
2021-11-14,0,62,0
2021-11-21,0,47,0
2021-11-28,0,59,0
2021-12-05,3,59,0
2021-12-12,0,50,9
2021-12-19,0,25,0
2021-12-26,0,23,0
2022-01-02,5,39,0
2022-01-09,0,31,4
2022-01-16,6,47,3
2022-01-23,3,43,0
2022-01-30,0,52,0
2022-02-06,0,65,0
2022-02-13,0,62,2
2022-02-20,0,59,0
2022-02-27,0,69,0
2022-03-06,0,46,0
2022-03-13,2,64,2
2022-03-20,3,62,0
2022-03-27,0,81,4
2022-04-03,0,77,0
2022-04-10,0,67,0
2022-04-17,0,77,0
2022-04-24,0,74,2
2022-05-01,0,65,0
2022-05-08,0,77,0
2022-05-15,0,62,3
2022-05-22,0,59,3
2022-05-29,0,48,0
2022-06-05,0,56,0
2022-06-12,3,42,0
2022-06-19,0,34,0
2022-06-26,3,35,0
2022-07-03,0,27,2
2022-07-10,0,37,0
2022-07-17,0,39,4
2022-07-24,0,30,0
2022-07-31,0,28,0
2022-08-07,0,33,0
2022-08-14,0,36,0
2022-08-21,0,39,0
2022-08-28,2,41,2
2022-09-04,0,50,0
2022-09-11,0,60,0
2022-09-18,0,46,0
2022-09-25,2,51,0
2022-10-02,3,58,0
2022-10-09,0,71,0
2022-10-16,0,67,0
2022-10-23,0,57,0
2022-10-30,0,64,5
2022-11-06,0,63,3
2022-11-13,0,68,5
2022-11-20,0,59,0
2022-11-27,0,63,0
2022-12-04,7,64,8
2022-12-11,12,66,10
2022-12-18,5,36,9
2022-12-25,6,29,2
2023-01-01,12,37,8
2023-01-08,24,50,7
2023-01-15,30,49,11
2023-01-22,25,50,12
2023-01-29,36,60,22
2023-02-05,27,65,15
2023-02-12,45,64,19
2023-02-19,39,81,25
2023-02-26,40,80,22
2023-03-05,52,63,20
2023-03-12,52,57,28
2023-03-19,67,60,33
2023-03-26,70,73,32
2023-04-02,67,50,33
2023-04-09,70,67,33
2023-04-16,78,65,29
2023-04-23,75,69,40
2023-04-30,59,59,41
2023-05-07,76,67,38
2023-05-14,68,60,37
2023-05-21,61,74,26
2023-05-28,60,67,25
2023-06-04,57,55,35
2023-06-11,54,33,22
2023-06-18,47,42,18
2023-06-25,46,33,21
2023-07-02,42,34,22
2023-07-09,44,31,25
2023-07-16,42,28,19
2023-07-23,35,34,16
2023-07-30,32,33,19
2023-08-06,35,33,22
2023-08-13,37,28,21
2023-08-20,43,45,22
2023-08-27,53,38,24
2023-09-03,67,52,28
2023-09-10,64,46,34
2023-09-17,69,52,32
2023-09-24,72,51,35
2023-10-01,76,55,36
2023-10-08,94,56,36
2023-10-15,72,67,37
2023-10-22,86,67,31
2023-10-29,78,64,22
2023-11-05,74,59,40
2023-11-12,69,69,26
2023-11-19,83,56,28
2023-11-26,100,63,43
2023-12-03,94,71,47
2023-12-10,91,60,39
2023-12-17,61,37,25
2023-12-24,49,20,18
2023-12-31,63,41,5
2024-01-07,78,40,33
2024-01-14,94,50,40
2024-01-21,66,66,39
2024-01-28,74,73,34
2024-02-04,84,80,40
2024-02-11,56,91,42
